,Age,Annual_Income,Spending_Score
count,200.0,200.0,200.0
mean,-1.021405182655144e-16,-2.1316282072803005e-16,-1.4654943925052067e-16
std,1.002509414234171,1.002509414234171,1.002509414234171
min,-1.49633547972731,-1.7389991930659485,-1.9100207870073291
25%,-0.7248435657192247,-0.7275093200139812,-0.5997931129931552
50%,-0.20453506557423673,0.035879263421465926,-0.007764312142306325
75%,0.728431900202983,0.6656748447557098,0.8851315842229084
max,2.2355323833815683,2.9176711658902788,1.8944921627227165
